loan_id,loan_default
7001,0
7002,1
7003,1
7004,0
7005,1
7006,0
7007,0
7008,0
7009,0
7010,1
7011,1
7012,1
7013,0
7014,1
7015,0
7016,0
7017,0
7018,1
7019,0
7020,1
7021,0
7022,0
7023,1
7024,1
7025,0
7026,0
7027,1
7028,0
7029,0
7030,1
7031,1
7032,0
7033,0
7034,0
7035,1
7036,1
7037,1
7038,1
7039,0
7040,0
7041,1
7042,1
7043,1
7044,0
7045,1
7046,1
7047,0
7048,0
7049,0
7050,0
7051,1
7052,0
7053,0
7054,1
7055,1
7056,1
7057,0
7058,0
7059,0
7060,1
7061,0
7062,0
7063,1
7064,0
7065,1
7066,0
7067,0
7068,0
7069,0
7070,0
7071,0
7072,0
7073,0
7074,1
7075,0
7076,1
7077,1
7078,0
7079,0
7080,0
7081,0
7082,0
7083,1
7084,0
7085,0
7086,1
7087,0
7088,0
7089,1
7090,1
7091,0
7092,0
7093,0
7094,0
7095,0
7096,0
7097,0
7098,1
7099,0
7100,0
7101,0
7102,0
7103,0
7104,1
7105,1
7106,1
7107,0
7108,1
7109,1
7110,0
7111,1
7112,0
7113,1
7114,0
7115,0
7116,1
7117,0
7118,0
7119,0
7120,0
7121,1
7122,1
7123,0
7124,0
7125,1
7126,1
7127,0
7128,1
7129,1
7130,1
7131,0
7132,0
7133,0
7134,0
7135,0
7136,1
7137,0
7138,0
7139,0
7140,0
7141,1
7142,0
7143,0
7144,0
7145,1
7146,0
7147,0
7148,0
7149,1
7150,0
7151,0
7152,1
7153,1
7154,0
7155,0
7156,1
7157,1
7158,1
7159,0
7160,0
7161,0
7162,1
7163,1
7164,1
7165,0
7166,1
7167,0
7168,0
7169,0
7170,0
7171,0
7172,0
7173,1
7174,0
7175,0
7176,0
7177,0
7178,1
7179,0
7180,0
7181,1
7182,0
7183,1
7184,1
7185,0
7186,0
7187,0
7188,0
7189,0
7190,0
7191,1
7192,1
7193,1
7194,1
7195,1
7196,1
7197,0
7198,0
7199,1
7200,1
7201,1
7202,1
7203,1
7204,0
7205,1
7206,0
7207,0
7208,1
7209,0
7210,1
7211,0
7212,1
7213,1
7214,0
7215,1
7216,1
7217,0
7218,1
7219,1
7220,1
7221,1
7222,0
7223,0
7224,0
7225,0
7226,0
7227,0
7228,0
7229,1
7230,0
7231,1
7232,0
7233,0
7234,1
7235,0
7236,0
7237,0
7238,1
7239,0
7240,1
7241,0
7242,1
7243,0
7244,0
7245,1
7246,0
7247,1
7248,1
7249,1
7250,1
7251,1
7252,0
7253,1
7254,0
7255,0
7256,0
7257,0
7258,0
7259,0
7260,0
7261,0
7262,1
7263,0
7264,0
7265,0
7266,0
7267,0
7268,1
7269,1
7270,0
7271,0
7272,0
7273,0
7274,1
7275,0
7276,1
7277,1
7278,1
7279,0
7280,1
7281,0
7282,0
7283,1
7284,0
7285,0
7286,0
7287,0
7288,1
7289,1
7290,0
7291,1
7292,0
7293,1
7294,1
7295,0
7296,1
7297,1
7298,0
7299,0
7300,0
7301,1
7302,0
7303,0
7304,0
7305,0
7306,0
7307,0
7308,1
7309,0
7310,0
7311,1
7312,1
7313,0
7314,0
7315,0
7316,0
7317,0
7318,0
7319,0
7320,0
7321,0
7322,0
7323,0
7324,0
7325,1
7326,1
7327,0
7328,0
7329,0
7330,0
7331,0
7332,0
7333,0
7334,0
7335,0
7336,0
7337,1
7338,0
7339,0
7340,1
7341,0
7342,0
7343,1
7344,1
7345,1
7346,1
7347,0
7348,1
7349,0
7350,0
7351,0
7352,0
7353,0
7354,1
7355,0
7356,0
7357,1
7358,0
7359,0
7360,0
7361,1
7362,0
7363,0
7364,1
7365,1
7366,1
7367,0
7368,1
7369,0
7370,0
7371,1
7372,0
7373,0
7374,1
7375,0
7376,0
7377,1
7378,0
7379,1
7380,0
7381,0
7382,1
7383,0
7384,0
7385,1
7386,0
7387,0
7388,1
7389,1
7390,0
7391,1
7392,0
7393,0
7394,1
7395,0
7396,1
7397,1
7398,1
7399,1
7400,0
7401,0
7402,1
7403,0
7404,0
7405,0
7406,0
7407,0
7408,1
7409,1
7410,1
7411,0
7412,0
7413,0
7414,0
7415,1
7416,0
7417,0
7418,1
7419,1
7420,0
7421,0
7422,0
7423,0
7424,0
7425,0
7426,1
7427,0
7428,0
7429,1
7430,1
7431,0
7432,1
7433,0
7434,0
7435,0
7436,0
7437,1
7438,0
7439,1
7440,0
7441,1
7442,1
7443,0
7444,0
7445,1
7446,1
7447,0
7448,1
7449,1
7450,1
7451,0
7452,1
7453,0
7454,1
7455,0
7456,0
7457,0
7458,1
7459,0
7460,1
7461,0
7462,0
7463,1
7464,0
7465,0
7466,1
7467,0
7468,0
7469,1
7470,1
7471,1
7472,1
7473,0
7474,1
7475,1
7476,0
7477,0
7478,1
7479,0
7480,1
7481,0
7482,1
7483,1
7484,0
7485,0
7486,0
7487,1
7488,0
7489,0
7490,1
7491,0
7492,0
7493,1
7494,0
7495,1
7496,0
7497,1
7498,1
7499,1
7500,1
7501,1
7502,0
7503,0
7504,1
7505,1
7506,1
7507,1
7508,0
7509,1
7510,0
7511,0
7512,1
7513,0
7514,0
7515,0
7516,1
7517,1
7518,1
7519,0
7520,0
7521,1
7522,1
7523,0
7524,1
7525,0
7526,0
7527,0
7528,0
7529,0
7530,1
7531,1
7532,0
7533,0
7534,1
7535,1
7536,0
7537,1
7538,0
7539,0
7540,0
7541,0
7542,1
7543,0
7544,0
7545,0
7546,0
7547,1
7548,0
7549,1
7550,1
7551,0
7552,1
7553,0
7554,0
7555,0
7556,1
7557,0
7558,0
7559,0
7560,0
7561,1
7562,1
7563,0
7564,1
7565,0
7566,0
7567,0
7568,1
7569,0
7570,0
7571,1
7572,0
7573,1
7574,0
7575,1
7576,0
7577,0
7578,0
7579,0
7580,0
7581,1
7582,0
7583,0
7584,0
7585,0
7586,0
7587,0
7588,0
7589,1
7590,0
7591,0
7592,0
7593,1
7594,1
7595,0
7596,0
7597,1
7598,0
7599,0
7600,0
7601,0
7602,0
7603,0
7604,1
7605,0
7606,0
7607,1
7608,0
7609,0
7610,0
7611,1
7612,1
7613,0
7614,1
7615,1
7616,0
7617,0
7618,0
7619,1
7620,1
7621,0
7622,0
7623,1
7624,0
7625,0
7626,0
7627,1
7628,0
7629,0
7630,1
7631,1
7632,0
7633,1
7634,1
7635,1
7636,0
7637,0
7638,0
7639,0
7640,0
7641,1
7642,0
7643,0
7644,0
7645,1
7646,0
7647,0
7648,1
7649,0
7650,0
7651,1
7652,0
7653,1
7654,1
7655,0
7656,0
7657,0
7658,1
7659,1
7660,1
7661,0
7662,1
7663,0
7664,0
7665,0
7666,1
7667,0
7668,0
7669,0
7670,1
7671,1
7672,1
7673,1
7674,0
7675,1
7676,0
7677,0
7678,0
7679,1
7680,0
7681,0
7682,1
7683,0
7684,0
7685,0
7686,0
7687,0
7688,1
7689,0
7690,0
7691,0
7692,0
7693,0
7694,0
7695,1
7696,0
7697,0
7698,1
7699,1
7700,0
7701,1
7702,0
7703,0
7704,0
7705,0
7706,1
7707,1
7708,1
7709,0
7710,0
7711,0
7712,1
7713,0
7714,1
7715,0
7716,1
7717,0
7718,0
7719,1
7720,1
7721,0
7722,1
7723,1
7724,1
7725,0
7726,1
7727,1
7728,0
7729,0
7730,1
7731,0
7732,1
7733,1
7734,1
7735,0
7736,0
7737,0
7738,1
7739,1
7740,0
7741,0
7742,1
7743,0
7744,1
7745,1
7746,1
7747,1
7748,0
7749,0
7750,0
7751,1
7752,1
7753,0
7754,1
7755,1
7756,0
7757,1
7758,1
7759,1
7760,0
7761,0
7762,0
7763,0
7764,1
7765,0
7766,1
7767,0
7768,1
7769,1
7770,0
7771,1
7772,1
7773,0
7774,1
7775,0
7776,0
7777,0
7778,0
7779,0
7780,0
7781,0
7782,0
7783,0
7784,0
7785,1
7786,0
7787,0
7788,0
7789,0
7790,0
7791,1
7792,0
7793,0
7794,0
7795,0
7796,0
7797,0
7798,1
7799,0
7800,0
7801,1
7802,0
7803,0
7804,0
7805,1
7806,1
7807,1
7808,1
7809,1
7810,0
7811,0
7812,0
7813,0
7814,1
7815,0
7816,0
7817,1
7818,0
7819,1
7820,0
7821,0
7822,1
7823,1
7824,0
7825,0
7826,0
7827,0
7828,0
7829,1
7830,0
7831,1
7832,0
7833,0
7834,0
7835,0
7836,0
7837,0
7838,1
7839,1
7840,1
7841,0
7842,1
7843,0
7844,1
7845,0
7846,1
7847,1
7848,0
7849,0
7850,0
7851,0
7852,1
7853,0
7854,0
7855,0
7856,1
7857,0
7858,0
7859,0
7860,1
7861,1
7862,0
7863,0
7864,0
7865,1
7866,1
7867,1
7868,0
7869,0
7870,1
7871,0
7872,0
7873,0
7874,1
7875,1
7876,0
7877,0
7878,1
7879,1
7880,0
7881,0
7882,0
7883,0
7884,0
7885,0
7886,0
7887,0
7888,0
7889,0
7890,0
7891,0
7892,1
7893,0
7894,1
7895,1
7896,0
7897,0
7898,0
7899,1
7900,1
7901,1
7902,0
7903,0
7904,0
7905,0
7906,1
7907,0
7908,1
7909,0
7910,1
7911,0
7912,1
7913,0
7914,0
7915,1
7916,1
7917,0
7918,0
7919,1
7920,0
7921,0
7922,1
7923,1
7924,0
7925,0
7926,0
7927,0
7928,0
7929,1
7930,1
7931,0
7932,0
7933,1
7934,1
7935,0
7936,0
7937,1
7938,0
7939,0
7940,0
7941,0
7942,1
7943,1
7944,1
7945,1
7946,1
7947,0
7948,1
7949,0
7950,0
7951,0
7952,0
7953,0
7954,0
7955,0
7956,0
7957,0
7958,0
7959,0
7960,0
7961,1
7962,0
7963,0
7964,0
7965,0
7966,1
7967,0
7968,0
7969,0
7970,1
7971,1
7972,1
7973,1
7974,0
7975,0
7976,0
7977,1
7978,0
7979,0
7980,0
7981,0
7982,0
7983,0
7984,0
7985,0
7986,1
7987,1
7988,1
7989,0
7990,1
7991,1
7992,0
7993,1
7994,1
7995,1
7996,0
7997,0
7998,0
7999,0
8000,0
8001,0
8002,1
8003,0
8004,0
8005,1
8006,0
8007,1
8008,1
8009,0
8010,0
8011,0
8012,0
8013,0
8014,0
8015,1
8016,1
8017,0
8018,0
8019,0
8020,1
8021,0
8022,0
8023,0
8024,0
8025,1
8026,1
8027,1
8028,0
8029,0
8030,0
8031,0
8032,0
8033,0
8034,0
8035,0
8036,0
8037,0
8038,0
8039,0
8040,0
8041,1
8042,0
8043,0
8044,0
8045,0
8046,1
8047,0
8048,0
8049,0
8050,1
8051,1
8052,1
8053,0
8054,0
8055,1
8056,0
8057,0
8058,1
8059,1
8060,0
8061,1
8062,1
8063,0
8064,1
8065,0
8066,1
8067,1
8068,1
8069,0
8070,0
8071,0
8072,1
8073,0
8074,1
8075,0
8076,0
8077,0
8078,0
8079,0
8080,0
8081,1
8082,1
8083,1
8084,1
8085,0
8086,0
8087,0
8088,1
8089,1
8090,1
8091,0
8092,1
8093,0
8094,0
8095,0
8096,0
8097,0
8098,0
8099,1
8100,0
8101,1
8102,0
8103,0
8104,0
8105,0
8106,0
8107,0
8108,0
8109,0
8110,1
8111,0
8112,0
8113,0
8114,0
8115,0
8116,1
8117,0
8118,1
8119,1
8120,1
8121,0
8122,0
8123,0
8124,0
8125,0
8126,0
8127,0
8128,0
8129,1
8130,0
8131,1
8132,1
8133,1
8134,0
8135,0
8136,1
8137,0
8138,1
8139,1
8140,0
8141,0
8142,0
8143,1
8144,1
8145,0
8146,1
8147,1
8148,0
8149,1
8150,1
8151,0
8152,0
8153,0
8154,0
8155,0
8156,1
8157,1
8158,0
8159,1
8160,1
8161,0
8162,1
8163,0
8164,1
8165,1
8166,0
8167,1
8168,0
8169,0
8170,0
8171,0
8172,1
8173,1
8174,1
8175,0
8176,1
8177,1
8178,0
8179,0
8180,0
8181,1
8182,0
8183,1
8184,1
8185,0
8186,1
8187,0
8188,0
8189,0
8190,1
8191,0
8192,0
8193,0
8194,1
8195,1
8196,0
8197,0
8198,0
8199,1
8200,0
8201,0
8202,0
8203,0
8204,0
8205,0
8206,0
8207,1
8208,1
8209,1
8210,0
8211,1
8212,0
8213,1
8214,0
8215,1
8216,0
8217,0
8218,0
8219,0
8220,1
8221,0
8222,0
8223,0
8224,1
8225,0
8226,0
8227,0
8228,0
8229,1
8230,1
8231,0
8232,0
8233,1
8234,0
8235,1
8236,0
8237,1
8238,0
8239,0
8240,0
8241,1
8242,0
8243,1
8244,1
8245,0
8246,1
8247,1
8248,0
8249,0
8250,0
8251,0
8252,0
8253,0
8254,1
8255,0
8256,0
8257,0
8258,1
8259,0
8260,1
8261,0
8262,0
8263,0
8264,0
8265,0
8266,0
8267,0
8268,0
8269,1
8270,1
8271,0
8272,0
8273,0
8274,0
8275,1
8276,0
8277,0
8278,1
8279,1
8280,0
8281,0
8282,0
8283,1
8284,0
8285,0
8286,0
8287,1
8288,1
8289,1
8290,0
8291,0
8292,1
8293,0
8294,0
8295,0
8296,0
8297,0
8298,0
8299,0
8300,0
8301,0
8302,0
8303,0
8304,0
8305,1
8306,0
8307,0
8308,0
8309,1
8310,0
8311,0
8312,0
8313,0
8314,0
8315,0
8316,1
8317,0
8318,1
8319,1
8320,0
8321,0
8322,0
8323,1
8324,0
8325,0
8326,0
8327,0
8328,0
8329,0
8330,0
8331,0
8332,0
8333,0
8334,0
8335,1
8336,1
8337,1
8338,0
8339,0
8340,0
8341,1
8342,1
8343,0
8344,1
8345,0
8346,1
8347,0
8348,0
8349,0
8350,1
8351,0
8352,0
8353,0
8354,1
8355,0
8356,0
8357,0
8358,0
8359,0
8360,0
8361,0
8362,0
8363,1
8364,1
8365,1
8366,1
8367,1
8368,0
8369,0
8370,1
8371,0
8372,0
8373,0
8374,0
8375,0
8376,0
8377,1
8378,0
8379,1
8380,0
8381,0
8382,1
8383,0
8384,1
8385,1
8386,1
8387,0
8388,0
8389,1
8390,0
8391,0
8392,0
8393,1
8394,1
8395,0
8396,1
8397,0
8398,1
8399,0
8400,0
8401,0
8402,1
8403,0
8404,0
8405,0
8406,0
8407,1
8408,1
8409,1
8410,0
8411,1
8412,0
8413,0
8414,1
8415,0
8416,1
8417,0
8418,1
8419,0
8420,1
8421,0
8422,0
8423,1
8424,0
8425,0
8426,1
8427,1
8428,0
8429,0
8430,1
8431,0
8432,0
8433,0
8434,1
8435,0
8436,0
8437,0
8438,0
8439,1
8440,1
8441,1
8442,1
8443,0
8444,0
8445,0
8446,1
8447,0
8448,0
8449,0
8450,0
8451,0
8452,0
8453,0
8454,1
8455,1
8456,1
8457,0
8458,1
8459,0
8460,1
8461,1
8462,0
8463,0
8464,1
8465,0
8466,1
8467,0
8468,0
8469,0
8470,0
8471,1
8472,0
8473,0
8474,1
8475,0
8476,0
8477,0
8478,0
8479,0
8480,0
8481,0
8482,0
8483,0
8484,1
8485,1
8486,1
8487,1
8488,1
8489,0
8490,0
8491,1
8492,0
8493,1
8494,1
8495,1
8496,1
8497,1
8498,0
8499,1
8500,0
8501,0
8502,1
8503,0
8504,0
8505,0
8506,0
8507,0
8508,1
8509,0
8510,0
8511,1
8512,1
8513,1
8514,0
8515,0
8516,0
8517,0
8518,1
8519,1
8520,1
8521,0
8522,0
8523,0
8524,1
8525,0
8526,0
8527,1
8528,0
8529,0
8530,0
8531,1
8532,1
8533,0
8534,0
8535,0
8536,0
8537,0
8538,0
8539,1
8540,0
8541,1
8542,1
8543,0
8544,0
8545,0
8546,1
8547,0
8548,0
8549,1
8550,0
8551,0
8552,1
8553,0
8554,0
8555,1
8556,0
8557,0
8558,1
8559,1
8560,0
8561,1
8562,1
8563,0
8564,1
8565,0
8566,0
8567,0
8568,0
8569,0
8570,1
8571,0
8572,1
8573,1
8574,0
8575,0
8576,0
8577,0
8578,1
8579,1
8580,1
8581,0
8582,0
8583,0
8584,1
8585,0
8586,0
8587,0
8588,1
8589,1
8590,1
8591,1
8592,1
8593,0
8594,1
8595,1
8596,1
8597,0
8598,0
8599,0
8600,1
8601,1
8602,0
8603,1
8604,0
8605,1
8606,0
8607,0
8608,1
8609,0
8610,1
8611,0
8612,1
8613,0
8614,1
8615,0
8616,0
8617,0
8618,0
8619,0
8620,1
8621,0
8622,0
8623,0
8624,0
8625,0
8626,0
8627,1
8628,0
8629,1
8630,1
8631,0
8632,0
8633,0
8634,0
8635,0
8636,1
8637,0
8638,1
8639,0
8640,0
8641,1
8642,1
8643,0
8644,0
8645,0
8646,1
8647,0
8648,0
8649,0
8650,1
8651,0
8652,1
8653,0
8654,1
8655,1
8656,0
8657,0
8658,1
8659,0
8660,1
8661,0
8662,1
8663,1
8664,0
8665,0
8666,0
8667,0
8668,0
8669,0
8670,1
8671,0
8672,0
8673,1
8674,0
8675,0
8676,1
8677,0
8678,0
8679,0
8680,1
8681,0
8682,1
8683,0
8684,1
8685,0
8686,0
8687,1
8688,0
8689,0
8690,1
8691,0
8692,0
8693,0
8694,1
8695,1
8696,0
8697,1
8698,1
8699,1
8700,1
8701,1
8702,1
8703,0
8704,0
8705,0
8706,0
8707,0
8708,0
8709,0
8710,1
8711,0
8712,1
8713,0
8714,1
8715,0
8716,0
8717,1
8718,1
8719,0
8720,1
8721,0
8722,1
8723,0
8724,0
8725,1
8726,1
8727,0
8728,0
8729,0
8730,1
8731,1
8732,0
8733,1
8734,0
8735,1
8736,1
8737,1
8738,0
8739,0
8740,0
8741,1
8742,1
8743,1
8744,1
8745,0
8746,0
8747,0
8748,0
8749,1
8750,1
8751,1
8752,1
8753,0
8754,1
8755,1
8756,0
8757,0
8758,0
8759,1
8760,0
8761,1
8762,0
8763,1
8764,0
8765,1
8766,1
8767,0
8768,1
8769,0
8770,0
8771,1
8772,0
8773,0
8774,0
8775,1
8776,1
8777,0
8778,1
8779,0
8780,0
8781,0
8782,0
8783,0
8784,0
8785,0
8786,1
8787,1
8788,1
8789,1
8790,0
8791,1
8792,1
8793,0
8794,0
8795,0
8796,0
8797,0
8798,0
8799,0
8800,0
8801,1
8802,0
8803,0
8804,0
8805,0
8806,1
8807,1
8808,0
8809,1
8810,1
8811,1
8812,0
8813,0
8814,1
8815,0
8816,0
8817,0
8818,1
8819,0
8820,0
8821,0
8822,0
8823,0
8824,0
8825,0
8826,0
8827,1
8828,0
8829,0
8830,0
8831,0
8832,0
8833,0
8834,0
8835,0
8836,1
8837,0
8838,1
8839,1
8840,0
8841,1
8842,1
8843,0
8844,1
8845,0
8846,1
8847,1
8848,1
8849,0
8850,1
8851,0
8852,0
8853,1
8854,1
8855,1
8856,0
8857,1
8858,1
8859,0
8860,1
8861,0
8862,1
8863,1
8864,0
8865,0
8866,1
8867,0
8868,1
8869,0
8870,0
8871,0
8872,0
8873,0
8874,1
8875,0
8876,1
8877,1
8878,1
8879,1
8880,1
8881,1
8882,1
8883,0
8884,1
8885,0
8886,0
8887,0
8888,1
8889,0
8890,0
8891,0
8892,0
8893,0
8894,0
8895,1
8896,0
8897,1
8898,0
8899,0
8900,1
8901,0
8902,1
8903,1
8904,0
8905,1
8906,1
8907,1
8908,1
8909,0
8910,0
8911,1
8912,0
8913,1
8914,1
8915,0
8916,0
8917,0
8918,0
8919,1
8920,1
8921,0
8922,1
8923,0
8924,0
8925,0
8926,1
8927,1
8928,1
8929,1
8930,0
8931,1
8932,0
8933,1
8934,1
8935,0
8936,0
8937,0
8938,0
8939,1
8940,1
8941,0
8942,1
8943,0
8944,0
8945,0
8946,1
8947,1
8948,1
8949,0
8950,1
8951,1
8952,0
8953,1
8954,1
8955,0
8956,0
8957,1
8958,0
8959,0
8960,1
8961,0
8962,0
8963,1
8964,1
8965,1
8966,1
8967,1
8968,0
8969,0
8970,1
8971,0
8972,0
8973,0
8974,0
8975,0
8976,0
8977,0
8978,0
8979,0
8980,1
8981,0
8982,0
8983,1
8984,1
8985,1
8986,1
8987,1
8988,1
8989,0
8990,0
8991,0
8992,0
8993,0
8994,0
8995,1
8996,1
8997,1
8998,0
8999,0
9000,1
9001,0
9002,1
9003,0
9004,1
9005,1
9006,0
9007,1
9008,0
9009,0
9010,1
9011,1
9012,0
9013,0
9014,1
9015,1
9016,0
9017,0
9018,1
9019,0
9020,0
9021,1
9022,1
9023,0
9024,0
9025,1
9026,0
9027,1
9028,1
9029,1
9030,1
9031,1
9032,1
9033,0
9034,1
9035,0
9036,0
9037,0
9038,0
9039,1
9040,0
9041,1
9042,0
9043,0
9044,1
9045,1
9046,0
9047,0
9048,1
9049,0
9050,0
9051,0
9052,0
9053,1
9054,0
9055,1
9056,1
9057,0
9058,0
9059,0
9060,0
9061,1
9062,0
9063,0
9064,0
9065,0
9066,0
9067,0
9068,1
9069,1
9070,0
9071,0
9072,1
9073,1
9074,0
9075,0
9076,0
9077,0
9078,0
9079,1
9080,0
9081,0
9082,0
9083,0
9084,0
9085,1
9086,1
9087,0
9088,0
9089,0
9090,1
9091,1
9092,0
9093,1
9094,0
9095,1
9096,1
9097,0
9098,0
9099,1
9100,0
9101,1
9102,0
9103,0
9104,1
9105,0
9106,0
9107,0
9108,0
9109,1
9110,0
9111,0
9112,0
9113,0
9114,0
9115,0
9116,1
9117,0
9118,0
9119,0
9120,0
9121,0
9122,0
9123,0
9124,1
9125,0
9126,1
9127,0
9128,0
9129,0
9130,0
9131,0
9132,0
9133,0
9134,0
9135,0
9136,1
9137,0
9138,1
9139,0
9140,1
9141,0
9142,0
9143,0
9144,1
9145,0
9146,1
9147,0
9148,1
9149,0
9150,1
9151,0
9152,0
9153,1
9154,1
9155,1
9156,0
9157,1
9158,0
9159,0
9160,0
9161,1
9162,0
9163,0
9164,0
9165,0
9166,1
9167,0
9168,0
9169,0
9170,0
9171,1
9172,1
9173,0
9174,1
9175,0
9176,0
9177,0
9178,1
9179,0
9180,1
9181,0
9182,1
9183,0
9184,1
9185,1
9186,0
9187,1
9188,0
9189,0
9190,0
9191,0
9192,0
9193,1
9194,1
9195,0
9196,1
9197,1
9198,1
9199,1
9200,0
9201,1
9202,0
9203,0
9204,1
9205,0
9206,0
9207,1
9208,0
9209,0
9210,0
9211,0
9212,0
9213,0
9214,1
9215,1
9216,0
9217,1
9218,1
9219,0
9220,1
9221,1
9222,0
9223,0
9224,0
9225,0
9226,1
9227,0
9228,1
9229,0
9230,0
9231,0
9232,0
9233,0
9234,1
9235,0
9236,0
9237,1
9238,0
9239,0
9240,0
9241,0
9242,1
9243,0
9244,1
9245,0
9246,1
9247,0
9248,0
9249,0
9250,0
9251,1
9252,0
9253,0
9254,1
9255,0
9256,0
9257,1
9258,0
9259,1
9260,1
9261,0
9262,0
9263,0
9264,0
9265,1
9266,1
9267,0
9268,0
9269,0
9270,0
9271,1
9272,1
9273,0
9274,1
9275,1
9276,1
9277,0
9278,0
9279,0
9280,0
9281,1
9282,1
9283,1
9284,0
9285,1
9286,0
9287,0
9288,1
9289,0
9290,0
9291,0
9292,0
9293,1
9294,0
9295,0
9296,0
9297,1
9298,1
9299,0
9300,1
9301,0
9302,1
9303,0
9304,1
9305,0
9306,0
9307,1
9308,0
9309,1
9310,0
9311,0
9312,0
9313,1
9314,0
9315,1
9316,0
9317,1
9318,0
9319,1
9320,0
9321,0
9322,0
9323,1
9324,1
9325,0
9326,0
9327,0
9328,0
9329,1
9330,1
9331,0
9332,0
9333,0
9334,0
9335,1
9336,0
9337,1
9338,1
9339,0
9340,0
9341,1
9342,0
9343,0
9344,0
9345,1
9346,0
9347,1
9348,1
9349,1
9350,0
9351,1
9352,0
9353,0
9354,1
9355,0
9356,1
9357,1
9358,0
9359,0
9360,0
9361,0
9362,0
9363,1
9364,1
9365,1
9366,1
9367,1
9368,0
9369,0
9370,0
9371,1
9372,0
9373,1
9374,1
9375,0
9376,0
9377,0
9378,1
9379,1
9380,1
9381,0
9382,0
9383,1
9384,1
9385,1
9386,0
9387,1
9388,0
9389,0
9390,0
9391,0
9392,0
9393,1
9394,0
9395,1
9396,1
9397,1
9398,1
9399,1
9400,0
9401,0
9402,1
9403,1
9404,1
9405,1
9406,1
9407,1
9408,0
9409,1
9410,0
9411,0
9412,0
9413,0
9414,0
9415,0
9416,0
9417,1
9418,1
9419,1
9420,1
9421,0
9422,0
9423,0
9424,0
9425,0
9426,1
9427,1
9428,1
9429,0
9430,0
9431,1
9432,0
9433,1
9434,0
9435,0
9436,0
9437,0
9438,0
9439,0
9440,1
9441,1
9442,0
9443,1
9444,0
9445,0
9446,0
9447,1
9448,1
9449,0
9450,1
9451,1
9452,1
9453,0
9454,0
9455,0
9456,0
9457,0
9458,0
9459,0
9460,1
9461,1
9462,0
9463,1
9464,0
9465,1
9466,0
9467,1
9468,0
9469,1
9470,0
9471,0
9472,0
9473,1
9474,1
9475,1
9476,1
9477,1
9478,1
9479,1
9480,1
9481,1
9482,0
9483,0
9484,1
9485,0
9486,1
9487,0
9488,1
9489,1
9490,0
9491,0
9492,1
9493,0
9494,1
9495,0
9496,0
9497,0
9498,0
9499,0
9500,1
9501,1
9502,0
9503,0
9504,0
9505,1
9506,0
9507,0
9508,0
9509,1
9510,1
9511,0
9512,0
9513,1
9514,1
9515,0
9516,0
9517,1
9518,1
9519,0
9520,0
9521,0
9522,1
9523,1
9524,0
9525,0
9526,1
9527,1
9528,1
9529,0
9530,1
9531,1
9532,0
9533,0
9534,0
9535,0
9536,1
9537,1
9538,0
9539,1
9540,0
9541,1
9542,0
9543,1
9544,0
9545,0
9546,0
9547,0
9548,0
9549,0
9550,0
9551,0
9552,0
9553,1
9554,0
9555,1
9556,1
9557,0
9558,0
9559,0
9560,0
9561,1
9562,0
9563,0
9564,0
9565,0
9566,0
9567,1
9568,0
9569,0
9570,0
9571,0
9572,0
9573,1
9574,1
9575,0
9576,1
9577,1
9578,1
9579,0
9580,0
9581,0
9582,0
9583,0
9584,0
9585,0
9586,0
9587,0
9588,0
9589,0
9590,0
9591,0
9592,0
9593,0
9594,1
9595,0
9596,1
9597,0
9598,1
9599,0
9600,1
9601,0
9602,0
9603,0
9604,0
9605,1
9606,0
9607,0
9608,0
9609,0
9610,1
9611,1
9612,0
9613,0
9614,1
9615,0
9616,0
9617,1
9618,1
9619,1
9620,1
9621,1
9622,0
9623,1
9624,1
9625,0
9626,0
9627,1
9628,1
9629,0
9630,1
9631,1
9632,1
9633,0
9634,1
9635,1
9636,1
9637,0
9638,1
9639,0
9640,1
9641,1
9642,0
9643,0
9644,1
9645,0
9646,0
9647,0
9648,1
9649,1
9650,0
9651,1
9652,0
9653,1
9654,1
9655,1
9656,0
9657,1
9658,0
9659,0
9660,0
9661,1
9662,1
9663,1
9664,0
9665,0
9666,1
9667,0
9668,0
9669,1
9670,0
9671,0
9672,0
9673,1
9674,1
9675,0
9676,1
9677,0
9678,1
9679,0
9680,1
9681,1
9682,1
9683,0
9684,1
9685,0
9686,1
9687,1
9688,1
9689,0
9690,0
9691,1
9692,1
9693,1
9694,0
9695,1
9696,0
9697,1
9698,0
9699,1
9700,0
9701,1
9702,1
9703,1
9704,0
9705,0
9706,0
9707,1
9708,0
9709,0
9710,0
9711,1
9712,1
9713,1
9714,1
9715,0
9716,1
9717,1
9718,1
9719,0
9720,1
9721,1
9722,0
9723,0
9724,1
9725,1
9726,1
9727,0
9728,0
9729,0
9730,1
9731,0
9732,0
9733,1
9734,0
9735,1
9736,0
9737,0
9738,1
9739,0
9740,1
9741,0
9742,0
9743,0
9744,0
9745,1
9746,1
9747,0
9748,1
9749,0
9750,0
9751,0
9752,0
9753,0
9754,0
9755,1
9756,0
9757,0
9758,0
9759,0
9760,0
9761,0
9762,0
9763,1
9764,0
9765,0
9766,0
9767,1
9768,1
9769,0
9770,1
9771,1
9772,1
9773,0
9774,1
9775,1
9776,1
9777,0
9778,1
9779,0
9780,1
9781,1
9782,0
9783,1
9784,0
9785,0
9786,0
9787,0
9788,1
9789,1
9790,1
9791,0
9792,1
9793,0
9794,1
9795,0
9796,1
9797,0
9798,0
9799,0
9800,0
9801,1
9802,1
9803,0
9804,1
9805,0
9806,1
9807,0
9808,0
9809,0
9810,0
9811,0
9812,0
9813,1
9814,0
9815,1
9816,0
9817,0
9818,1
9819,0
9820,0
9821,0
9822,0
9823,0
9824,0
9825,0
9826,0
9827,0
9828,0
9829,0
9830,0
9831,1
9832,0
9833,0
9834,0
9835,0
9836,0
9837,0
9838,0
9839,0
9840,0
9841,1
9842,0
9843,1
9844,0
9845,0
9846,0
9847,1
9848,0
9849,0
9850,0
9851,1
9852,0
9853,1
9854,0
9855,1
9856,0
9857,0
9858,0
9859,0
9860,0
9861,1
9862,1
9863,0
9864,0
9865,1
9866,0
9867,0
9868,1
9869,0
9870,1
9871,0
9872,1
9873,0
9874,0
9875,0
9876,0
9877,1
9878,0
9879,0
9880,0
9881,0
9882,1
9883,1
9884,0
9885,0
9886,0
9887,0
9888,0
9889,0
9890,0
9891,0
9892,0
9893,1
9894,0
9895,1
9896,1
9897,0
9898,1
9899,1
9900,1
9901,0
9902,0
9903,1
9904,0
9905,0
9906,0
9907,1
9908,1
9909,0
9910,1
9911,0
9912,1
9913,0
9914,1
9915,1
9916,0
9917,0
9918,0
9919,1
9920,1
9921,1
9922,0
9923,0
9924,0
9925,1
9926,0
9927,0
9928,0
9929,0
9930,1
9931,1
9932,0
9933,1
9934,0
9935,1
9936,0
9937,1
9938,1
9939,1
9940,1
9941,0
9942,0
9943,1
9944,1
9945,1
9946,0
9947,0
9948,0
9949,0
9950,1
9951,1
9952,0
9953,1
9954,0
9955,0
9956,1
9957,1
9958,0
9959,0
9960,0
9961,1
9962,0
9963,1
9964,0
9965,0
9966,0
9967,0
9968,0
9969,0
9970,1
9971,1
9972,1
9973,0
9974,1
9975,0
9976,1
9977,1
9978,1
9979,1
9980,1
9981,1
9982,1
9983,0
9984,1
9985,0
9986,1
9987,0
9988,0
9989,1
9990,0
9991,1
9992,0
9993,1
9994,0
9995,0
9996,0
9997,1
9998,0
9999,0
10000,1
